am,y,ciiu3,publicidad,ventas,hombres,mujeres,kw
1,1983,311,3788.690476190476,223934.5317460318,39.396824,19.84127,425238.7976190476
2,1983,311,5966,249857.7303370787,40.258427,17.213484,503172.8764044944
3,1983,311,1842.016393442623,219366.262295082,46.106556,25.213116,398617.155737705
4,1983,311,1595.095238095238,248018.9047619048,27.523809,32.190475,243962.8095238095
5,1983,311,1800.455882352941,337150.6029411765,49.191177,11.926471,716940.8382352941
6,1983,311,247.5757575757576,67608.75757575757,13.343434,9.7474747,262221.6868686869
7,1983,311,5126.538461538462,389739.8846153846,45.115383,66.846153,468544.8846153846
8,1983,311,1789.444444444444,244866.1111111111,36.944443,15.666667,795076.5555555555
9,1983,311,769.8061224489796,313545.1352040817,54.806122,18.028061,973014.1887755102
1,1983,312,8631.325000000001,281564.925,39.575001,19.625,291323.725
2,1983,312,4578.64,209351.88,31.959999,13.56,486804.76
3,1983,312,2678.029411764706,282318.8235294118,38.382355,12.823529,542466.6176470588
4,1983,312,170.3333333333333,81611.33333333333,21,4.8333335,510224.3333333333
5,1983,312,2780.814814814815,163413.8518518519,28.074074,13.148149,525790.2962962963
6,1983,312,610.6363636363636,228859.8181818182,20.727272,6.090909,225216.5454545454
7,1983,312,541.25,32077.5,23,3.5,171937.5
8,1983,312,752.4,295587.2,25.799999,9,453641.4
9,1983,312,3687.590163934426,383576.3278688525,35.344261,10.819673,911424.6229508197
1,1983,313,21627.2,955264.9333333334,194,39.966667,2176385.1
2,1983,313,10209.5,595742.5714285715,127.85714,20.428572,1339099.714285714
3,1983,313,68400.42857142857,2479258,432.85715,67.14286,4063926.285714286
4,1983,313,18269.5,1068464,292,77.5,3248230
5,1983,313,42382,2469836,376.20001,63.799999,5453117.4
6,1983,313,16501.2,937143,236.60001,38,2206024.4
7,1983,313,11169.5,724338,197.25,16.75,1792148.5
8,1983,313,18573.66666666667,647369.3333333334,244.33333,65.666664,1435758.666666667
9,1983,313,10268.38095238095,527141.0476190476,123.77778,17.15873,1107081.952380952
1,1983,314,88562,1661591,398.5,122.5,2277150
2,1983,314,16878,559171,305,32,594768
3,1983,314,131290,5307232,972,250,5558035
5,1983,314,904,1726687,186,23,959100
6,1983,314,2953,105067.4,53,26.200001,160770.5
9,1983,314,9.166666666666666,119664,15.333333,9.833333,180019.3333333333
1,1983,321,271.9763033175356,107071.990521327,35.635071,39.729858,469181.6113744076
2,1983,321,1214.766666666667,120546.9666666667,49.766666,66.933334,447039.5333333333
3,1983,321,1324.288343558282,300386.2883435583,114.2638,35.061348,1922469.055214724
4,1983,321,83.2,234009,193.8,36,3234050
5,1983,321,436.5714285714286,124381.7857142857,47.42857,27.642857,703119.5
6,1983,321,174.75,46822.25,26,63.75,145094.5
7,1983,321,1207.8,271554.7,71.800003,67,985054.6
9,1983,321,353.7962962962963,97449.83333333333,85.462959,24.574074,1638719.759259259
1,1983,322,699.7155172413793,52383.24137931035,12.245689,48.810345,60159.89655172414
2,1983,322,363.9025974025974,32063.35714285714,7.3571429,32.590908,42405.72727272727
3,1983,322,627.3724340175953,32629.52785923754,9.7126102,31.592375,54656.98240469208
4,1983,322,2038,98731,23.75,78.75,139797
5,1983,322,316.5128205128205,31981.62820512821,11.179487,47.435898,61206.91025641026
6,1983,322,70.72,16808.21333333333,3.1600001,23.16,28371.28
7,1983,322,585.6034482758621,53573.63793103449,13.431034,56.810345,53697.1724137931
8,1983,322,285.5,30979.5,5,26.5,39949.5
9,1983,322,36.06349206349206,16116,6.3333335,32.825397,35593.65079365079
1,1983,323,205.575,85363.64999999999,33.150002,27.35,199053.7
2,1983,323,358.3333333333333,277739.5555555556,88.888885,44.666668,1015114.666666667
3,1983,323,144.4242424242424,70106.78787878787,37.242424,16.060606,301311.7272727273
5,1983,323,129,367501,169,20.666666,1706609.333333333
6,1983,323,209.1111111111111,15664.66666666667,4.4444447,15.444445,26687.66666666667
7,1983,323,124.3333333333333,54219,26.666666,2.3333333,157000
8,1983,323,0,93609,47,1,285402
9,1983,323,33.22222222222222,17621.66666666667,12.333333,2.5555556,79463.77777777778
1,1983,324,328.7,36698.88571428572,22.728571,20.1,40633.05714285714
2,1983,324,241.6538461538462,32043,28.461538,24.038462,52332.3076923077
3,1983,324,750.4255319148937,56862.70212765958,30.212767,20.936171,187998
4,1983,324,38549,643663.5,150,149,970570.5
5,1983,324,790.6666666666666,37822.58333333334,25.5,17.333334,57190.5
6,1983,324,52.33333333333334,11908.61538461539,11.923077,8.9487181,15682.30769230769
7,1983,324,57.125,38251.5,24,15.625,70285
8,1983,324,0,50144,29.5,33.5,112065.5
9,1983,324,271.8775510204082,22231.08163265306,19.163265,11.795918,61646.4081632653
1,1983,331,105.88,35107.62,22.9,5.1799998,80240.34
2,1983,331,94.26666666666667,23978.8,37.799999,4.0666666,121291.1333333333
3,1983,331,70.48936170212765,21044.74468085107,21.021276,2.0851064,76232.74468085106
4,1983,331,111.6666666666667,12642,16.166666,4,89791.66666666667
5,1983,331,1251.565217391304,198655.2608695652,72.347824,8.130435,876879.4347826087
6,1983,331,35.33333333333334,12038.46666666667,11.866667,1.8666667,54508.73333333333
7,1983,331,1.2,6321.8,15,1.8,28600
8,1983,331,49.875,20914.625,16.875,2.5,54090.375
9,1983,331,136.3333333333333,25117.68888888889,19.111111,3.0444446,147802.9555555556
1,1983,332,270.797619047619,30481.14285714286,30.571428,7.8928571,136613.7738095238
2,1983,332,29.13333333333333,10534.4,15.933333,3.6666667,22560.86666666667
3,1983,332,99.84090909090909,18169.68181818182,24.522728,4.7727275,55697.36363636364
4,1983,332,20.5,4418.5,8.5,.5,11500
5,1983,332,100.7142857142857,19656.90476190476,18.095238,3.1428571,29434.09523809524
6,1983,332,30.14285714285714,12766.78571428571,19.285715,3.4285715,57482.21428571428
7,1983,332,76.36363636363636,14954.54545454545,29.181818,2.7272727,32896
8,1983,332,139.5,24107.5,47.75,2.75,101358.75
9,1983,332,277.1951219512195,16615.60975609756,17.804878,6.2439022,37102.58536585366
1,1983,341,440.4791666666667,130910.3541666667,32.583332,13.145833,136680.2083333333
2,1983,341,876.4473684210526,623412.4736842106,79.236839,16.657894,6007988.5
3,1983,341,4522.821428571428,307169.0357142857,58.035713,13.75,2453839.178571429
5,1983,341,408.6,360111.6,72.300003,11.6,3374590.3
6,1983,341,0,4078,6,2,14873
7,1983,341,39242.75,764007.75,188.75,55.5,7250277.25
9,1983,341,1010.4,332137.2666666667,54,10.266666,1798560.133333333
1,1983,342,299.1929824561403,99470.38596491228,42.374268,16.48538,106627.0058479532
2,1983,342,2059.472727272727,176991.2363636364,51.745453,18.90909,331369.0181818182
3,1983,342,331.5194805194805,50546.03896103896,25.077923,10.727273,96197.96103896105
4,1983,342,188.5384615384616,19964.53846153846,17.384615,7.7692308,35538.46153846154
5,1983,342,480.0689655172414,43085.58620689655,23.137932,9.4827585,126598.7586206897
6,1983,342,122.3181818181818,28507.81818181818,22.045454,13.272727,76783.27272727272
7,1983,342,63,11747.41666666667,10.583333,4.5833335,17470.83333333333
8,1983,342,654.375,23177.5,20,9.625,59658.375
9,1983,342,111.0888888888889,33329.6,14.711111,19.6,69477.64444444445
1,1983,351,992.0769230769231,240151.8076923077,42.384617,11.153846,935672.1538461539
2,1983,351,4781.7,739343.4,133,21.6,5230203.2
3,1983,351,3718.03125,545713.15625,112.53125,14.0625,6818041.5
4,1983,351,46,158497.6666666667,56.333332,5.3333335,998083.3333333334
5,1983,351,6342.5,1579557.583333333,162.66667,21.5,7920290.166666667
6,1983,351,224,29174.5,9,2,378725
7,1983,351,162,25980,8,2,42360
8,1983,351,1618.7,1704261.3,231.7,24.9,19645818.5
9,1983,351,256.5294117647059,571788.7058823529,131.23529,11.294118,11625524.88235294
1,1983,352,6725.065693430657,258727.8905109489,47.51825,36.240875,220717
2,1983,352,39131.46511627907,592705.1860465116,78.325584,49.813953,680906.1395348837
3,1983,352,6406.392156862745,244813.2352941177,37.568626,26,280098.2156862745
4,1983,352,2388,127918.75,59.75,105,266497.5
5,1983,352,1119.685714285714,75038,19.885714,14.342857,119288.8285714286
6,1983,352,39.25,17677.75,13,21.5,43037.5
7,1983,352,729.2000000000001,30795.4,16,6.1999998,74814
8,1983,352,5144.833333333333,109386.8333333333,28.833334,12,263243.6666666667
9,1983,352,1282.588235294118,95864.23529411765,36.411766,25.117647,172406.6470588235
5,1983,353,638,227258,55,12,184200
8,1983,353,0,27007778,473,33,79397133
9,1983,353,804.6,11617048.8,1060.8,94.199997,106784005
1,1983,354,4172.7,524130.9,32.700001,4.3000002,212554.8
3,1983,354,186.6666666666667,63484.66666666666,87.333336,6.3333335,366747.3333333333
5,1983,354,278,46389,11,1,39320
6,1983,354,102,74354,22,6,202215
7,1983,354,0,7922,4,0,12041
9,1983,354,235.6666666666667,116684.3333333333,31,6.6666665,336420.3333333333
1,1983,355,5389,129457.775,50.25,25.200001,370750.025
2,1983,355,10756.57142857143,1148295.571428571,237.28572,18.571428,5063841.285714285
3,1983,355,474.4285714285714,43357.42857142857,26.642857,8.5714283,173666.7857142857
4,1983,355,138,9959.333333333334,8,2,39166.66666666666
5,1983,355,2.142857142857143,15290.14285714286,10.428572,12.714286,126076.8571428571
6,1983,355,49,18148,12.625,4.5,86969.125
7,1983,355,0,15414,11,1,49125
9,1983,355,9415.375,730960.75,189.25,25.375,3326535.625
1,1983,356,1674.315315315315,168062.4144144144,47.495495,29.09009,686049.4054054054
2,1983,356,86.8,47472.62,23.360001,12.78,309008.4
3,1983,356,682.1369863013699,86724.38356164383,36.917809,15.821918,563945.7808219178
4,1983,356,200.6666666666667,48166,20,6.6666665,175000
5,1983,356,200,109071.347826087,32.782608,21.913044,600820.3478260869
6,1983,356,68.55555555555556,53260.88888888889,31.222221,6.4444447,291596.1111111111
7,1983,356,62.71428571428572,29890.42857142857,11,10.714286,222851.4285714286
8,1983,356,472.3333333333333,411578.6666666667,90,15.333333,1887884.333333333
9,1983,356,24.8,27718.5,20,9.5,318158.1
1,1983,361,6.454545454545454,6460.181818181818,8.181818,11.454545,63660
2,1983,361,0,396706,204,175,971300
3,1983,361,57.83333333333334,265485.9166666667,166.5,67.75,1896982.083333333
7,1983,361,2,3340,7,4,62500
9,1983,361,1459.461538461539,183574.5384615385,82.53846,26.538462,1321018.692307692
1,1983,362,443.0434782608696,120473.0869565217,63.95652,16.695652,1175073.608695652
2,1983,362,21.8,37075.4,24,69.400002,88950.2
3,1983,362,60.91666666666666,133033.4166666667,76.166664,8.083333,2275011.5
5,1983,362,74,528747,173,8,3589274.5
7,1983,362,319,97038,258,41,245340
9,1983,362,8937.5,1308903.833333333,383.16666,16.666666,9655930.333333334
1,1983,369,444.9866666666667,120682.2533333333,55.586666,6.0933332,523149.3333333333
2,1983,369,1260.545454545455,204470.9545454546,71.454544,6.5454545,3837304
3,1983,369,188.6067415730337,59157.84269662921,43.977528,3.4382021,464857.8539325843
4,1983,369,4512.666666666667,203562.7777777778,64,4.6666665,630138.5555555555
5,1983,369,1112.807692307692,171311.7307692308,49,3.2692308,3187887.269230769
6,1983,369,75.15000000000001,66490.10000000001,29.65,2.3,815438.85
7,1983,369,127,29016.5,16,1.5,67375
8,1983,369,126,330724.4,100.2,5.8000002,8992145.800000001
9,1983,369,564.5086206896551,148561.3620689655,65.086205,5.7413793,2794036.189655173
1,1983,371,131.8636363636364,177847.3636363637,36.772728,4.9545455,387319.4090909091
2,1983,371,445.5555555555555,327208.8888888889,117.66666,6.7777777,5284092.444444444
3,1983,371,738.4285714285714,1078594.857142857,232.14285,18.714285,11817484.71428572
4,1983,371,24,28375,43,2,554340
5,1983,371,107.75,239473.5,88,4.5,1716360
6,1983,371,14,6985.5,14,2,18196
7,1983,371,1,2084,7,0,7422
9,1983,371,3032.333333333334,1779661.25,681.75,47,52278638.58333334
1,1983,372,65.27272727272727,18961.90909090909,14.090909,2.8181818,68686.81818181818
2,1983,372,1548.2,588145.8000000001,121.2,15.8,3604073.2
3,1983,372,130.75,49929.5,23.833334,4.4166665,310796.1666666667
4,1983,372,0,6941,13,2,17500
5,1983,372,1198.25,450718.5,154,11.25,3293505.5
6,1983,372,0,12639,9,1.5,81171
9,1983,372,86.5,82464,42,14,631066.5
1,1983,381,445.1893939393939,68427.05303030303,36.541668,9.181818,201867.678030303
2,1983,381,4329.219178082192,84678.42465753424,40,9.9726028,218627.5890410959
3,1983,381,363.3695652173913,56960.91304347826,41.166668,7.210145,300508.4130434783
4,1983,381,623.1111111111111,86737.11111111111,56.833332,7.4444447,282052.7777777778
5,1983,381,122.4090909090909,57975.02272727273,24.15909,4.7727275,116313.7954545455
6,1983,381,46.85,54313.9,25.700001,2.7,387175.25
7,1983,381,13,7951.764705882353,11.411765,1.7058823,17626.05882352941
8,1983,381,141.4285714285714,50507.71428571428,36.57143,3,73687.14285714286
9,1983,381,180.9878048780488,58727.85365853659,38.402439,6.6585364,189164.0975609756
1,1983,382,501.3525179856115,71396.4964028777,36.251797,7.1223021,136816.5755395684
2,1983,382,217.8958333333333,31256.10416666667,25.416666,3.7916667,86720.29166666667
3,1983,382,462.3770491803278,64788.7868852459,45.52459,3.5081968,410200.9836065574
4,1983,382,468.5,290919.25,108.5,10,745112.5
5,1983,382,582.6875,309495.1875,108.625,10.375,376866.9375
6,1983,382,231,28448.5,23.555555,8.0555553,100896.5
7,1983,382,40.8,6526.2,10.4,1.2,19500
8,1983,382,2256.333333333334,317206.6666666667,103.33334,7.6666665,403425
9,1983,382,88.77777777777777,17838.25925925926,20.444445,2.6296296,46828.7037037037
1,1983,383,1551.135922330097,173974.2718446602,55.320389,23.31068,225813.7766990291
2,1983,383,933.5555555555555,346723.7037037037,93.259262,19.555555,760399.4444444445
3,1983,383,2041.857142857143,82786.64285714286,47.642857,14.047619,294959.6904761905
4,1983,383,80527.5,674025.5,111,169.5,781375
5,1983,383,637.8,332509.6,91.199997,19,1328671
6,1983,383,288.3333333333333,75850.66666666667,26.333334,22,383227.3333333333
7,1983,383,439.8181818181818,60450.45454545454,29.636364,25.09091,153589.0909090909
9,1983,383,1529.785714285714,49856.85714285715,32.214287,13.857142,161894.8571428571
1,1983,384,2201.021276595745,262828.8404255319,79.755318,11.212766,282237.7978723404
2,1983,384,417.9411764705882,158978.705882353,72.941177,9.1176472,218149.5882352941
3,1983,384,644.5098039215686,282246.1568627451,62.117645,5.6078429,323598.3137254902
4,1983,384,2910.5,140389.625,21.375,7,57608.25
5,1983,384,179.9090909090909,144213.7272727273,106.90909,5.909091,343158.5454545455
6,1983,384,56.08333333333334,64275.41666666666,20.25,2.4166667,116956.6666666667
7,1983,384,462.75,56458.5,21.25,3.75,309433.75
8,1983,384,748,297405.5,159.75,11,962175.5
9,1983,384,48.75,138760.8333333333,72,6.8333335,254404
1,1983,385,169.1176470588235,34562.11764705883,21.352942,13.970589,76547.26470588235
2,1983,385,35619.875,333217.875,58.5,29.875,350023
3,1983,385,71.40000000000001,24278.55,19.700001,12.6,105325.95
5,1983,385,138,65287,70,26,122896
6,1983,385,22,4905.5,5.5,6,8545
7,1983,385,26,4296,12,3,8750
9,1983,385,259.5,57023.5,38,60.5,381250
1,1983,390,968.4428571428572,40625.77142857143,17.942858,16.028572,89997.61428571428
2,1983,390,437.2857142857143,40482.23809523809,23.047619,12.809524,147276.7619047619
3,1983,390,288.1860465116279,26819.20930232558,24.627907,13.581395,134451.3488372093
4,1983,390,305,11679.66666666667,22.666666,14.333333,26416.66666666667
5,1983,390,182.2,100698.8,59.5,50.799999,567390.7
6,1983,390,46.14285714285715,10180.71428571429,11.142858,4.5714288,19484.42857142857
9,1983,390,24.83333333333333,430444,22.166666,14.666667,38960.16666666666
1,1984,311,5880.495238095238,327210.9666666667,45.085712,22.847618,494244.7333333333
2,1984,311,8470.111111111111,401962.1527777778,48.972221,18.930555,625274.9861111111
3,1984,311,2824.672566371682,289373.5132743363,49.814159,25.053097,477624.0442477876
4,1984,311,1964.764705882353,384589.4117647059,34.588234,19.764706,293027.1176470588
5,1984,311,787.046875,416112.078125,52.765625,13.53125,834663.515625
6,1984,311,323.9770114942529,106565.7816091954,14.275862,9.9770117,303694.2873563218
7,1984,311,8510.700000000001,618490.75,52.849998,67.349998,586537.5500000001
8,1984,311,1921.3,316170.6,35.400002,14.2,784714
9,1984,311,1455.647249190939,464978.142394822,61.640778,16.097088,1169899.15210356
1,1984,312,10960.68571428571,405164.9714285714,42.828571,21.4,367753.4
2,1984,312,7723.619047619048,285690.9047619047,33.333332,16,530381.4761904762
3,1984,312,4702.416666666667,483976.875,49.166668,15.875,713067.4583333334
4,1984,312,158.5,283822.5,51.5,9,1669152
5,1984,312,7678.6,388359.25,39.549999,20.65,738271.85
6,1984,312,695.7272727272728,315343.2727272727,20.90909,7.181818,221000.1818181818
7,1984,312,214,69819.66666666667,27.666666,5.3333335,387344.6666666667
8,1984,312,846.8333333333334,331942.8333333333,22.166666,8.166667,357938.8333333333
9,1984,312,5241.173076923077,601704.4423076923,52.115383,15.057693,1290850.461538462
1,1984,313,24488,1334495.777777778,212.48148,42.925926,2422314.851851852
2,1984,313,17075.44444444445,1027904.222222222,190.44444,32.333332,2035308.111111111
3,1984,313,64320,2535101.125,367.125,57.875,3729250.25
4,1984,313,33428.5,1391605.5,283.5,70,2129897
5,1984,313,27034.5,1625847.5,301.5,49.333332,4883693
6,1984,313,29745,1130245.4,233.2,34.200001,2521280.2
7,1984,313,15765.25,746385,157.75,18,1538704.25
8,1984,313,21930,800669,242,63,1648226.333333333
9,1984,313,12418.47540983607,593148.6885245901,127.18033,19.09836,1202093.540983607
1,1984,314,99087,2073768,322,120.5,1980977.5
2,1984,314,23200,608917,201,23,502978
3,1984,314,146000,6821366,816,179,6881000
5,1984,314,1640,2175519,167,38,961500
6,1984,314,10279.6,254270.8,83.599998,34.799999,327060.2
9,1984,314,16,11582.6,15.8,8.8000002,233465.4
1,1984,321,612.7873563218391,174705.3505747127,42.902298,47.132183,639364.7873563218
2,1984,321,1289.05,210878.7,53.25,55.450001,593536.5500000001
3,1984,321,2064.533783783784,426076.3986486486,127.35135,39.891891,2379086.959459459
4,1984,321,1417.666666666667,332370.1666666667,154,30.166666,2746350.166666667
5,1984,321,408.7692307692308,190187.1538461538,49,23.307692,1435800.692307692
6,1984,321,389.25,56699.25,30,72.75,234957.25
7,1984,321,4846.333333333333,542873,118.83334,101,1681240.166666667
9,1984,321,533.4545454545455,156705.1818181818,93.218185,22.327272,1624180.781818182
1,1984,322,871.4272300469484,68838.40375586854,12.812206,49.812206,73440.94835680751
2,1984,322,761.351724137931,46631.75862068965,11.55862,42.124138,54593.20689655173
3,1984,322,910.4488448844885,46409.51815181518,9.1617165,34.557755,67215.97359735974
4,1984,322,3078.5,114292.5,19,79.5,167059.5
5,1984,322,413.8472222222222,42913.97222222222,10.083333,44.166668,62487.86111111111
6,1984,322,114.1666666666667,23986,3.1944444,25.083334,37432.13888888889
7,1984,322,900.8245614035088,63581.54385964912,14.368421,63.719299,64140.61403508772
8,1984,322,48.5,10787.33333333333,5.6666665,13.5,29034
9,1984,322,76.33928571428571,22048.03571428571,9.125,27.625,42473.26785714286
1,1984,323,402.3170731707317,111043.512195122,35.195122,32.512196,208472.9512195122
2,1984,323,949,798143,150.2,34.400002,1836614.4
3,1984,323,217.2962962962963,108244.8888888889,43.370369,17.666666,338090.8518518519
5,1984,323,173,879111,249.5,10,1996313
6,1984,323,749.3333333333334,46263.33333333334,5,43.333332,59598.66666666666
7,1984,323,500,159974.6666666667,73.333336,7.3333335,340166.6666666667
8,1984,323,58,86181,40,3,272400
9,1984,323,37.6,33967.7,15.2,2.9000001,93052
1,1984,324,496.3392857142857,54952.85714285715,26.25,25.607143,46687.91071428572
2,1984,324,231.3333333333333,41432.375,25.083334,22.666666,66189.91666666667
3,1984,324,1244.538461538461,82320.89743589744,31.487179,22.384615,214006.9487179487
4,1984,324,81744,1578946,315,249,2108118
5,1984,324,1574.875,81051.125,35.875,22.75,86765.375
6,1984,324,61.26666666666667,16774.02222222222,12.244445,8,19724
7,1984,324,50.42857142857143,47117.57142857143,30.857143,17.285715,86611.42857142857
8,1984,324,1067,92931,62,65,147826
9,1984,324,329.2888888888889,36059.91111111111,21.755556,14.133333,66304.48888888888
1,1984,331,174.7222222222222,45522.52777777778,26.888889,7.9166665,93121.11111111111
2,1984,331,63.9,24028.9,19.5,2.5,62162.4
3,1984,331,78.7,29575.25,24.674999,3.45,87736.77499999999
4,1984,331,355,36567.5,25.5,5.5,158221.75
5,1984,331,1677.347826086957,240557.6086956522,64.565216,8.217391,974092.7391304348
6,1984,331,51.09090909090909,16077.27272727273,14.636364,1.9090909,86897.54545454546
7,1984,331,2.333333333333334,13984,29.666666,2,43258.33333333334
8,1984,331,32.45454545454545,21966.72727272727,15.454545,2.2727273,40147.90909090909
9,1984,331,244.5517241379311,49233.44827586207,23.068966,3.1034484,241469.1034482759
1,1984,332,452.948275862069,56236.55172413793,44.413792,11.810345,98886.43103448275
2,1984,332,80.75,11041.91666666667,14.083333,3.25,16175.75
3,1984,332,133.2058823529412,27458.91176470588,25.705883,7.7352943,60816.82352941176
4,1984,332,96,3346,10,0,15546
5,1984,332,264.6923076923077,31567.61538461538,20.461538,4,39355.92307692308
6,1984,332,68.45454545454545,20372.54545454546,21.454546,3.7272727,70512.81818181818
7,1984,332,61.44444444444444,20496.55555555556,33.444443,2.5555556,52705.44444444445
8,1984,332,153,26437.5,50.25,1.75,71944.75
9,1984,332,386.04,31125.8,26.24,9.1199999,59985.12
1,1984,341,119.5294117647059,156378.4117647059,27.509804,11.372549,166015.0784313726
2,1984,341,1615.054054054054,868078.8378378379,87.594597,14.324325,8682427.594594594
3,1984,341,6351.851851851852,428673.8518518519,64.59259,17.629629,2642934.185185185
4,1984,341,1355,102508,27,13,277400
5,1984,341,781,571385.4,74.300003,22.1,4052546.1
7,1984,341,57792,1100016.75,197.5,68.75,8237299.5
9,1984,341,3409.692307692308,545348.3846153846,62.76923,13.692307,2130896.307692308
1,1984,342,1027.816901408451,161295.2183098592,53.274647,19.936619,151446.1197183099
2,1984,342,1041.630434782609,318042.2391304348,63.02174,26.130434,383788.7826086957
3,1984,342,365.1818181818182,66393.07575757576,24.59091,11.106061,109618.7121212121
4,1984,342,157.6153846153846,27211.30769230769,18.307692,9.3076925,36822.84615384616
5,1984,342,933.8333333333334,34364.38888888889,23.111111,8.5555553,115869.4444444444
6,1984,342,324.3125,51421.375,30.625,16.8125,114899.5
7,1984,342,216,26401.25,23,9.5,51954.5
8,1984,342,1282.166666666667,40003.16666666666,25,9.166667,82147.66666666667
9,1984,342,106.7777777777778,69513.48148148147,18.333334,15.185185,86644.66666666667
1,1984,351,894.5833333333334,336579.0833333333,51.333332,12.791667,840930.125
2,1984,351,135.1666666666667,686648.75,81.833336,14.666667,4331695.5
3,1984,351,5759.53125,763676.9375,116.84375,13.625,6626090.875
4,1984,351,118.3333333333333,206195.6666666667,48.666668,7.3333335,633089
5,1984,351,3719.384615384615,1998732.615384616,149.23077,18.153847,7563244.923076923
6,1984,351,189.5,55437,11,1,335690
8,1984,351,3604.5,2236080.4,231.60001,29.299999,21059098.9
9,1984,351,324.8421052631579,701260.1052631579,162.8421,11.263158,11825046.42105263
1,1984,352,8660.975806451614,349747.8306451613,49.161289,38.887096,235859.0806451613
2,1984,352,55236.4,958976.1142857143,96.257141,57.142857,839488.4
3,1984,352,9230.382978723404,329851.5531914894,41.531914,29.063829,283275
4,1984,352,994.5,168066,61,96.5,301819.5
5,1984,352,1541.88,126999.08,28.879999,18.040001,166478.12
6,1984,352,39.33333333333334,25639.33333333333,16,26,63054.66666666666
7,1984,352,309.25,42615,17.25,7,106965.5
8,1984,352,5189.857142857143,125746,25.142857,10.571428,105166.1428571429
9,1984,352,728.7333333333334,177596.6,37.200001,27.733334,228165.4
8,1984,353,0,36056537,633,43,83939359
9,1984,353,1163.75,17363344,1139.25,93,135169217
1,1984,354,1927.181818181818,584045.4545454546,30.727272,4.818182,227888.7272727273
3,1984,354,309.3333333333333,191870,68.666664,6,561748.6666666666
5,1984,354,379.75,139689.25,26,6,81224.75
6,1984,354,0,67411,18,6,252149
9,1984,354,313.6666666666667,176816,33.333332,7.6666665,433961.6666666667
1,1984,355,4352.305555555556,198283.4166666667,58.166668,24.888889,454457.9722222223
2,1984,355,5096,1851222.166666667,277.16666,21.833334,6152701.166666667
3,1984,355,175.4285714285714,41551.35714285715,25.571428,7.8571429,186631.1428571429
4,1984,355,98.5,16946.5,8.5,2.5,51487.5
5,1984,355,59.75,34170.5,11.5,23.25,230867.5
6,1984,355,55.5,24370.5,13,3.75,61054.5
7,1984,355,0,43102,9,1,180723
9,1984,355,8759.714285714286,1125295,210.28572,19.714285,4074923.714285714
1,1984,356,2020.991071428571,239758.8839285714,53.232143,31.330357,727490.8035714285
2,1984,356,224.1463414634146,78234.63414634146,29.317074,18,328183.1219512195
3,1984,356,725.1967213114754,140967.9016393443,38.918034,17.393442,701486.1475409836
4,1984,356,26.5,63224,46.5,6.5,188295.5
5,1984,356,189.6086956521739,175495.4782608696,33.652172,22.565218,680614.3478260869
6,1984,356,54.71428571428572,95791,38.142857,10,536798.8571428572
7,1984,356,2,79889,22,27,673607
8,1984,356,992.1666666666666,323271.3333333333,49.666668,6.1666665,1205139.833333333
9,1984,356,26.69230769230769,135625.6153846154,52.53846,16,708746.0769230769
1,1984,361,65.25,9645.375,9.875,13.125,96768.375
2,1984,361,0,449851,173,163,931868
3,1984,361,52.8,445640.6,189.8,74.5,2693315.4
9,1984,361,185.3333333333333,342604.8888888889,120.77778,40.555557,2271171.222222222
1,1984,362,487.0869565217391,122351.3913043478,61.04348,15.608696,778419.695652174
2,1984,362,47,59073.75,29.75,66.5,58929.5
3,1984,362,101.4,215364.6,89.5,8.6000004,2058223.2
5,1984,362,6,592591.5,183.5,13.5,3308921
7,1984,362,325.5,81657.5,121.5,60,311626.5
9,1984,362,5061,1597621.6,366.39999,17.200001,17267342
1,1984,369,438.6229508196722,181747.4918032787,66.147537,7.1967211,690985.5409836066
2,1984,369,2037.105263157895,374108.7368421053,82.105263,7.5789475,5839673.157894737
3,1984,369,293.9759036144578,80373.18072289157,45.698795,4.5421686,577874.8554216868
4,1984,369,12004.33333333333,351812.5,96,8.166667,897698.5
5,1984,369,2750.583333333334,443676.8333333333,92.333336,7.3333335,7195629.75
6,1984,369,154.125,73735.4375,29.0625,2.375,967212.25
7,1984,369,77,45241.5,15,2,82441.5
8,1984,369,142.6,412209.4,101.4,5.1999998,10317179.4
9,1984,369,798.0853658536586,271601.2195121951,87.268295,8.1585369,4167453.585365854
1,1984,371,333.6666666666667,281218.3888888889,58.666668,5.7222223,495591.4444444444
2,1984,371,405.8333333333333,579965.1666666666,100.16666,4.1666665,8173605.333333333
3,1984,371,3501.285714285714,1525394.428571429,225.71428,22,15150384.57142857
4,1984,371,27,30367,35.5,2,364224.5
5,1984,371,32.2,207966.6,66.400002,2.8,1231407.6
6,1984,371,19.66666666666667,7997.333333333333,10.666667,1.6666666,34670
7,1984,371,43,7638,13,1,23778
9,1984,371,3570.818181818182,2603434.545454545,654.54547,48.909092,90157763.72727273
1,1984,372,155.75,35285.25,19.875,3.875,111281.375
2,1984,372,2581.25,889737.5,109,14.75,3385970
3,1984,372,80.81818181818181,86392.90909090909,34.636364,5.6363635,426227.1818181818
5,1984,372,1725,2690419,583,49,12121142
6,1984,372,21,28843,12,2,110888
7,1984,372,0,70518,18,3,745455
9,1984,372,641.5,126077,48,14.5,894423.5
1,1984,381,702,106113.3254716981,41.900944,9.9669809,264183.6320754717
2,1984,381,6960.407407407408,151936.9259259259,63.537037,11.388889,331815.6666666667
3,1984,381,828.6902654867257,99122.17699115044,53,8.7345133,418299.9469026549
4,1984,381,3243.25,132205.25,58.333332,8.916667,371827.75
5,1984,381,372.2413793103448,176384.1724137931,49.137932,8.2413797,207103.1724137931
6,1984,381,174.0666666666667,105922.1333333333,33.200001,3.7333333,573312.8666666667
7,1984,381,56.33333333333334,19122,19,2,31145.33333333333
8,1984,381,250.8,85909.39999999999,33.400002,3.4000001,98686.8
9,1984,381,303.1016949152543,91722.57627118644,41.389832,10.661017,226212.186440678
1,1984,382,1012.826446280992,102003.7024793388,41.23967,8.2314053,172320.0743801653
2,1984,382,250.8292682926829,50563.53658536585,33.121952,4.6829267,97811.75609756098
3,1984,382,720.1929824561404,76672.24561403508,41,3.3157895,368138.8947368421
4,1984,382,512,565937.3333333334,107.66666,7.6666665,746258.3333333334
5,1984,382,612.2666666666667,124091.1333333333,76.866669,7.4000001,347523.7333333333
6,1984,382,293.1428571428572,45489.21428571428,31.142857,10.928572,176238.2142857143
7,1984,382,176.5,10335,8,2,15109
8,1984,382,1696.75,315900,84,5.25,217884.75
9,1984,382,215.8095238095238,25938.47619047619,22.285715,3.5238094,59820.09523809524
1,1984,383,2878.835294117647,293008.7764705882,65.811768,34.55294,296912.5411764706
2,1984,383,1038.6,483369.24,92.400002,17.84,860575.08
3,1984,383,3334.571428571428,125256.1142857143,54.171429,17.171429,316161.6857142857
4,1984,383,76172.5,1014467.5,119,202.5,776992.5
5,1984,383,371.8333333333333,315331,79,14.5,1102956.166666667
6,1984,383,410,119541.3333333333,27,28,393791.6666666667
7,1984,383,715.625,132025.125,42.75,42.75,199134.125
9,1984,383,1360.222222222222,98793.22222222222,43.888889,20.777779,327463.3333333333
1,1984,384,2603.546511627907,523514.2325581395,91.88372,13.581395,353585.1511627907
2,1984,384,3001,271552.4615384616,91.846153,12.076923,339500.5384615384
3,1984,384,811.0217391304348,379907.5217391304,68.652176,6.173913,405640.1086956522
4,1984,384,2405.666666666667,276326,65.333336,13,232568.5
5,1984,384,248.2777777777778,227376.6666666667,120.44444,6.5555553,416132.3888888889
6,1984,384,66.90000000000001,188222,26.5,2.5999999,161939.7
7,1984,384,138.5,54878,20,4.5,99242
8,1984,384,237.5,458916.5,157,8.75,1007200.5
9,1984,384,85.21428571428571,299600.9285714286,109.78571,9.1428576,417762
1,1984,385,202.7931034482759,48785.31034482759,22.068966,15.793103,100524.1379310345
2,1984,385,65164.33333333334,517715.8333333333,83.333336,41.666668,538795.6666666666
3,1984,385,169.7647058823529,41888.52941176471,23.17647,13.941176,115879
4,1984,385,0,7152,9,2,20879
5,1984,385,454.5,118467,52,31,419850
6,1984,385,29.5,5122.5,6,5.5,13467
7,1984,385,9,5656,14,4,9540
9,1984,385,565,184743,74,115,780300
1,1984,390,1261.706896551724,95424.75862068965,20.913794,21.103449,115910.3448275862
2,1984,390,1987,110664.052631579,34.052631,23.789474,249908.8421052632
3,1984,390,348.5609756097561,51269.29268292683,28.487804,20.439024,210358.2195121951
4,1984,390,591,29059,29,14,41428.5
5,1984,390,216.6,178238.3,66.800003,59,888230.2
6,1984,390,142.8,12737.6,9.6000004,4,19837.6
8,1984,390,75,15736,6,4,37080
9,1984,390,56.66666666666666,106237.3333333333,55.666668,22,2358448
1,1985,311,6464.990338164252,444062.1400966184,44.864735,23.217392,535843.2608695652
2,1985,311,12965.44,562783.84,44.426666,19.733334,687978.0133333333
3,1985,311,3347.893805309735,393671.7522123894,48.681416,19.132744,515609.8849557522
4,1985,311,3700.375,526641.25,34.6875,16.875,310320.1875
5,1985,311,909.3823529411765,506651.8382352941,45.161766,12.676471,962699.3088235294
6,1985,311,459.7261904761905,170025.5119047619,13.880953,8.5357141,342429.0357142857
7,1985,311,9221.450000000001,802414.4,44.349998,36,606372.3000000001
8,1985,311,2718.190476190476,435148.4285714286,33.761906,13.952381,869174.2380952381
9,1985,311,1334.634375,603000.571875,60.321877,12.14375,1154285.846875
1,1985,312,19619.54285714286,536698.3428571429,45.171429,23.371429,380295.0285714286
2,1985,312,12217.2380952381,319201.0952380953,27.714285,10.380953,575538.3333333334
3,1985,312,8320.125,694034.5833333334,50.583332,15.666667,672544.8333333334
4,1985,312,246.3333333333333,291643,37.333332,7.3333335,949131
5,1985,312,10059.16666666667,564857.9444444445,39.944443,12.555555,949494.3333333334
6,1985,312,842.7000000000001,469925,23.299999,7.5999999,244349.7
7,1985,312,179.6666666666667,149936,30.333334,4.6666665,472468.3333333333
8,1985,312,311.6666666666667,289553.5,22.333334,7,407085.5
9,1985,312,6130.153846153846,808656.25,49.71154,12.538462,1278493.519230769
1,1985,313,34079.96296296296,1770597.259259259,193.96297,40.185184,2851619.703703704
2,1985,313,20166.45454545454,1068912,149.54546,27.90909,1944594.636363637
3,1985,313,76508.28571428571,3806814.142857143,377.28571,72.714287,4909245.285714285
4,1985,313,30829,1874431,274.5,69,2043555
5,1985,313,42385.5,1950802.333333333,290.16666,41.833332,5006249.666666667
6,1985,313,25484,1416544.8,192.8,34.200001,2626496
7,1985,313,21041.5,1057931.25,156.5,18.5,1448622.5
8,1985,313,37028.66666666666,859982.3333333334,241.66667,75.333336,1790470
9,1985,313,16843.28813559322,767561.3389830509,114.15254,18.169491,1301949.593220339
1,1985,314,95404,2638264.5,297,121.5,2123747
2,1985,314,29364,774875,194,21,441194
3,1985,314,199638,10661399,791,180,7356516
5,1985,314,1651,3568821,194,95,798260
6,1985,314,12617.5,465056.75,101.5,41.25,395389.5
9,1985,314,143,154107.4,13.4,6.4000001,171023.4
1,1985,321,725.0462427745665,220064.7803468208,43.346821,46.80925,571900.6358381503
2,1985,321,788.4400000000001,211823.6,35.68,44.119999,486788.76
3,1985,321,3066.921052631579,640325.6710526316,118.44736,39.927631,2431242
4,1985,321,928.1428571428571,409509.7142857143,135.42857,33.42857,2611836.571428571
5,1985,321,314.8235294117647,182943.5294117647,38.411766,19.294117,1034934
6,1985,321,220.8,60768.6,24.200001,58.400002,211719.4
7,1985,321,8058.2,884188.2,138.8,113.8,2448960.4
9,1985,321,854.3220338983051,233150.0338983051,76.016953,21.457626,1747659.457627119
1,1985,322,1070.847533632287,76965.36771300448,12.295964,46.484306,76955.09417040359
2,1985,322,666.0202702702703,55108.72297297297,10.344595,38.364864,49037.06756756757
3,1985,322,847.625,50690.14329268293,7.8079267,32.564026,51689.59756097561
4,1985,322,2540.6,115762.2,19.4,72.800003,159446.8
5,1985,322,286,51851.27536231884,9.347826,39.623188,65777.60869565218
6,1985,322,118.0144927536232,30164.11594202898,3.0869565,22.565218,53919.79710144927
7,1985,322,4330.268656716418,118059.9701492537,16.895523,48.686565,232890.5373134328
8,1985,322,80.33333333333333,17274,3.3333333,17.333334,32560.33333333333
9,1985,322,66.73134328358209,26882.07462686567,7.4179106,33.686565,44364.89552238806
1,1985,323,825.4222222222222,148318.0222222222,33.177776,27.066668,205269.7777777778
2,1985,323,1069.2,954214.8000000001,152,47,1855566.8
3,1985,323,167.5769230769231,132352.1923076923,40,16.423077,366487.8846153846
5,1985,323,398.5,1298376,251.5,10,2054762
6,1985,323,2213,75030.5,6,67,148087.5
7,1985,323,332.5,201164,28.25,6.75,429513.5
8,1985,323,22,137742,42,4,108840
9,1985,323,48.85714285714285,50881.85714285715,18.428572,2.8571429,72539
1,1985,324,349.7894736842105,69547.89473684211,25.368422,24.614035,47548.45614035088
2,1985,324,341.4,43471.2,22.200001,19.4,43937.76666666667
3,1985,324,1103.511111111111,91801.73333333334,28.088888,18.6,179585.9111111111
4,1985,324,90995,2033305,366,331,2188200
5,1985,324,1232.444444444444,103195.1111111111,32.444443,25,80126.66666666667
6,1985,324,86.41463414634147,23896.65853658536,12.585366,9.2439022,29576.58536585366
7,1985,324,123.1428571428571,50193.28571428572,29.571428,13.571428,101133.5714285714
8,1985,324,649,117469,60,32,112962
9,1985,324,44.51219512195122,33127.41463414634,17.975609,8.1219511,20759.53658536586
1,1985,331,244.1842105263158,51386.36842105263,25.368422,7.8157897,64922.23684210526
2,1985,331,180,50098.64285714286,37.214287,3.1428571,120793.5
3,1985,331,82.29268292682927,32734.95121951219,21.512196,2.5853658,73957.09756097561
4,1985,331,373.6,23409.8,27.6,4.4000001,92473.39999999999
5,1985,331,4999.235294117647,324172.1764705883,80.941177,10.529411,1312086.705882353
6,1985,331,64.40000000000001,18374.2,13.8,2.5999999,151778.2
7,1985,331,14.6,12213.2,20.799999,2.5999999,46240
8,1985,331,95,30175.9,16,2.2,49556.5
9,1985,331,253.5769230769231,62682.15384615384,21.846153,4.3461537,350416.3846153846
1,1985,332,822.2758620689655,71630.74137931035,44.310345,14.327586,104609.2931034483
2,1985,332,208.25,16158.5,13.416667,6.6666665,17467.16666666667
3,1985,332,120.8285714285714,30856.88571428572,28,7.3142858,69537.94285714286
4,1985,332,89,3725,10,0,14873
5,1985,332,306,50385.90909090909,20.636364,4,41633
6,1985,332,194.1666666666667,22022.5,20.666666,3.5833333,97727.5
7,1985,332,66.44444444444444,27922.22222222222,35.666668,2.5555556,59943.33333333334
8,1985,332,143,63897.5,60,3.5,129852.5
9,1985,332,523.875,30841.91666666667,22,6.8333335,48579.375
1,1985,341,286.82,208993.88,27.98,10.8,172682.32
2,1985,341,6718.2,1421070.4,94.914284,18.714285,9223996.885714285
3,1985,341,7771.6,768259.85,80.150002,17.200001,3694189.65
4,1985,341,108,5584,7,6,0
5,1985,341,1215.090909090909,756898.2727272727,69.454544,23.09091,3924707
6,1985,341,60,25812,12,5,24250
7,1985,341,36714.66666666666,838213.6666666666,187,70.666664,8313789.333333333
9,1985,341,3253.285714285714,651044.2142857143,61.642857,11.5,2284123.357142857
1,1985,342,871.6938775510204,192360.6190476191,48.94558,19.938776,160875.693877551
2,1985,342,3174.891304347826,270139.0434782609,46.086956,17.47826,318719.9347826087
3,1985,342,453.7049180327869,85550.91803278688,24.442623,11.786885,91183.34426229508
4,1985,342,112.1538461538462,33525,18.76923,9.6153851,44841.76923076923
5,1985,342,583.6,32894.4,21.6,7.1999998,106989.5
6,1985,342,361.3571428571428,66124.57142857144,41.857143,19.928572,162160.7142857143
7,1985,342,90,22146.66666666667,21,10.666667,26299.66666666667
8,1985,342,1043.857142857143,50740.71428571428,27.142857,9.5714283,89697.71428571429
9,1985,342,117.1785714285714,75956.57142857144,18.428572,19.321428,85104.32142857144
1,1985,351,1665.346153846154,398595.1153846154,46.53846,11.346154,848460.8846153846
2,1985,351,5538.333333333333,1398427,132.22223,29.333334,6813868.222222222
3,1985,351,5445.78125,1042616.875,118.03125,14.75,7041631.1875
4,1985,351,100.5,389437.5,71,11,1448875
5,1985,351,4753.25,2868173.5,133.08333,20.5,8269380.666666667
6,1985,351,284,96930,11.5,2.5,466521
8,1985,351,5894.6,3623099.9,229.7,22.1,21665137.2
9,1985,351,703.8095238095239,880941.7619047619,158.71428,11.142858,9445682.523809524
1,1985,352,11455.6231884058,486109.4782608696,50.04348,37.847828,228284.7608695652
2,1985,352,55419.38235294118,1241471.941176471,84.382355,53.5,790320.8529411765
3,1985,352,9052.822222222223,473165.2444444444,41.155556,25.822222,314432.2888888889
4,1985,352,1439.25,199477.5,58.75,95,325345.5
5,1985,352,1396.88,170958.04,27.200001,16.879999,150237.72
6,1985,352,92,31132.5,13.75,21.75,69413.5
7,1985,352,1885.4,46154.4,12.8,4.8000002,73818.8
8,1985,352,8391.75,200995,22,11,114857.5
9,1985,352,761.1764705882353,204855.7647058824,42.35294,27.941177,261869.705882353
8,1985,353,0,41018279,590,39,75959718
9,1985,353,1337,21570272.5,967,114.75,13021859.75
1,1985,354,3313.818181818182,956663,32.272728,4.7272725,250100.4545454546
3,1985,354,74.5,227016,107.5,9,942675
5,1985,354,434,208046.6666666667,37.333332,7.6666665,92900
6,1985,354,0,80332,17,6,257523
9,1985,354,229,257239.5,30.5,9,577185
1,1985,355,4742.96551724138,302811.724137931,65.275864,27.275862,546660.1034482758
2,1985,355,16285,2357220.857142857,246.14285,18.285715,5730289.857142857
3,1985,355,338,61801.4,22.266666,4.4666667,214736.6666666667
4,1985,355,2.5,21348,8.5,1,57644
5,1985,355,48,40500.25,12.5,31.5,253614.25
6,1985,355,27.83333333333333,35858.66666666666,13.166667,3.3333333,68074.5
7,1985,355,0,35876,9,1,158740
9,1985,355,9046.222222222223,1114356.444444445,162.22223,15.555555,3387054.444444445
1,1985,356,1820.145299145299,285297.0512820513,47.658119,29.316238,736240.1025641026
2,1985,356,204.625,101637.2291666667,25.854166,15.020833,302560.3958333333
3,1985,356,1057.560606060606,164636.3636363637,32.272728,12.833333,650604.1363636364
4,1985,356,203.25,93961.25,39,7.75,210798
5,1985,356,439.3478260869565,231993.9565217391,33.391304,21.47826,711946.3478260869
6,1985,356,104.75,106071.25,32.25,7,529556.125
7,1985,356,0,111265,17.5,26.5,583554.5
8,1985,356,1393,509064.6,60,9.1999998,1652768.8
9,1985,356,985.3888888888889,224015.6111111111,54.055557,32.111111,830875.5555555555
1,1985,361,59.71428571428572,12355,8.2857141,12,98094
2,1985,361,0,574064,118,118,1044000
3,1985,361,170.7,576343.4,190.39999,74.099998,2885070.6
9,1985,361,1325.4,411307.4,117.9,37.799999,2049288.1
1,1985,362,566.88,165741.8,54.32,13.2,736709.24
2,1985,362,61,72268.2,25.6,50.200001,128956.8
3,1985,362,143.0909090909091,248013.5454545454,81.090912,10.090909,1915792.272727273
5,1985,362,100,745282,176.5,10.5,3698400
7,1985,362,349,79184.66666666667,92,47,238695
9,1985,362,19889.25,2768284.75,459.5,22,23293244
1,1985,369,639.7910447761194,199940.8059701493,58.805969,6.8507462,656180.7611940298
2,1985,369,870.5555555555555,471550.6666666667,82.111115,7.7222223,5839558.111111111
3,1985,369,267.2696629213483,100443.6404494382,45.044945,3.4269662,549322.1910112359
4,1985,369,10650.5,716414,137.5,10.75,1577570.75
5,1985,369,1946.166666666667,524150.75,87.75,6.6666665,8128675.083333333
6,1985,369,165.5833333333333,113782.9166666667,33.166668,2.75,1390052.083333333
7,1985,369,31,19260,17,2,244800
8,1985,369,125.1666666666667,457760.3333333333,56.5,5,9642098.166666666
9,1985,369,1023.443037974684,346752.9746835443,82.40506,7.7974682,3772491.303797469
1,1985,371,291.5,319967.7,46.700001,4.5,501327.95
2,1985,371,537.4444444444445,520538.7777777778,76.888885,4.5555553,5855432.777777778
3,1985,371,5931.333333333333,2527618.333333334,252.83333,27.833334,19956053.33333333
4,1985,371,255.5,55240.5,43,2,443753
5,1985,371,113.2,216209.4,59.200001,4.1999998,1132225.4
6,1985,371,44,11227,15,1.5,33000
8,1985,371,81,23988,27,1,13050
9,1985,371,2499,2572841.230769231,458.23077,49.307693,64547495.07692308
1,1985,372,497,105621.5,23.833334,4.5,166816
2,1985,372,2510.8,878247.2,91.400002,10.4,3110922
3,1985,372,188.375,158284,33.5,6.125,581073.625
5,1985,372,2593,3521721,566,45,11784000
7,1985,372,163,196868,27,6,1937906
9,1985,372,330,127613.6666666667,36,10.333333,887590.6666666666
1,1985,381,1178.051162790698,125232.023255814,39.255814,9.8697672,240013.888372093
2,1985,381,8116.086206896552,194385.2931034483,58.155174,11.103448,356525.8103448276
3,1985,381,825.6846846846847,126751.7297297297,45.747749,8.9009008,431531.6846846847
4,1985,381,3446.071428571428,204725.6428571429,60.714287,8.1428576,419630.3571428572
5,1985,381,294.6666666666667,293699.8888888889,65.074074,8.0370369,267613.8148148148
6,1985,381,171.2857142857143,115772.3571428571,32.285713,3.2142856,689075
7,1985,381,55.14285714285715,26225,21.857143,2.8571429,39621.71428571428
8,1985,381,210.3333333333333,109829,30.666666,3.3333333,85415.66666666667
9,1985,381,403.4909090909091,114512.3090909091,39.872726,8.5636368,210175.0181818182
1,1985,382,1464.2578125,134392.90625,42.039063,8.1796875,151783.4453125
2,1985,382,302.0454545454546,71469.06818181818,34.386364,5.409091,95226.38636363637
3,1985,382,719.0967741935484,94708.51612903226,33.145161,3.483871,371382.9516129032
4,1985,382,784,484664,83.75,4.75,513585.75
5,1985,382,738.6315789473684,121837.3684210526,61.578949,6.0526314,272260.1578947369
6,1985,382,257.1428571428572,55081.35714285715,25.857143,6.4285712,172234
7,1985,382,156.6666666666667,8042.666666666667,12.333333,2,40031.66666666666
8,1985,382,2658.666666666667,393532.3333333333,114,7.6666665,288360
9,1985,382,180.4347826086957,27742.13043478261,22.434782,3.1304348,52860.60869565218
1,1985,383,3582.89247311828,342207.1182795699,59.354839,29.634409,329123.8924731183
2,1985,383,1673.88,584426.4,83.120003,16.360001,850479.8000000001
3,1985,383,3493.138888888889,145032.4166666667,45,13.444445,363658.7777777778
4,1985,383,199324,919395,121,156.5,777426
5,1985,383,187,604302.4,86.400002,16.4,1324523
6,1985,383,684,201162.6666666667,26.333334,42.333332,536583.3333333334
7,1985,383,1334.5,164166.375,45.875,31.75,295828.5
9,1985,383,2439,140520.375,42,21.125,276383.125
1,1985,384,4398.752808988764,555179.4382022471,81.157303,12.123595,330784.4382022472
2,1985,384,3167.714285714286,211689.0714285714,80.14286,10.214286,270336.7142857143
3,1985,384,682.8541666666666,522393.0208333333,61.3125,6.1041665,286233.3958333333
4,1985,384,451,21849.2,13.4,2.5999999,78689
5,1985,384,328.2631578947368,204544.4210526316,112.36842,6.0526314,410150.5263157895
6,1985,384,117.875,242520.125,23.75,3.625,218850.625
7,1985,384,1180.6,224075.6,43,17.6,92557
8,1985,384,427.4,399690.6,129,6.8000002,863307
9,1985,384,121.7142857142857,378050.4285714286,109.28571,10.214286,433929
1,1985,385,306.6774193548387,68343.54838709677,21.354839,16.580645,102908.1290322581
2,1985,385,98487,974163.4,79.400002,44.200001,697442.6
3,1985,385,156.1875,49213.25,22.625,16.75,149689.6875
5,1985,385,704,151412.6666666667,46.333332,29,473996
6,1985,385,0,4298,5,6,10750
7,1985,385,21,7187,11,4,17000
9,1985,385,799,222988,72,121,828940
1,1985,390,2959.392857142857,182978.6428571429,25.464285,26.410715,107909.0892857143
2,1985,390,2493.444444444444,133762.1111111111,30.166666,20.444445,173416.5555555556
3,1985,390,388.3846153846154,64427.33333333334,24.179487,15.384615,245072.7948717949
4,1985,390,1983,49154,31,26,85434
5,1985,390,406.6363636363636,245270.2727272727,48.363636,41.454544,964955.7272727273
6,1985,390,111.1666666666667,13411.5,7.3333335,4,22625
8,1985,390,147,9169,6,4,15936
9,1985,390,1120.8,186889.2,43.400002,31,1268326.6
1,1986,311,10281.31363636364,529277.6727272727,43.136364,22.277273,487777.4181818182
2,1986,311,10421.82716049383,649980.1234567901,44.148148,20.320988,636981.7407407408
3,1986,311,6105.733944954129,531401.6422018348,49.880733,20.009174,535065.0183486239
4,1986,311,3191.857142857143,714670.1428571428,27.571428,13.190476,250777.0476190476
5,1986,311,1180.123287671233,592537.1643835617,43.506851,13.520548,1024309.328767123
6,1986,311,631.0645161290323,228106.3333333333,13.537635,8.5053768,252082.1720430108
7,1986,311,216.4285714285714,1317223.333333333,41.333332,30.476191,570287.7142857143
8,1986,311,2015.04347826087,551124.7391304348,34.391304,13.913043,859233.3913043478
9,1986,311,1863.895705521472,971764.7300613497,61.463192,11.595092,1162220.472392638
1,1986,312,23966.17142857143,653339,40.628571,21.285715,407019.1714285715
2,1986,312,20264.32,371017.76,27.280001,12.24,502607.64
3,1986,312,5935.4,879120.48,46.32,14,641694.52
4,1986,312,816.5,651349,53.5,11.5,2001726
5,1986,312,16746.29411764706,768173.0588235294,43.705883,17,986807.8235294118
6,1986,312,841.9166666666666,559219.6666666666,20.833334,6.4166665,213921
7,1986,312,1294,150763,18,5,47045
8,1986,312,1377.833333333333,300610.1666666667,20.166666,5.5,493364
9,1986,312,6960.519230769231,1076322.134615385,51.903847,12.846154,1229514.096153846
1,1986,313,38641.10714285715,2216677.214285714,194.89285,33.17857,2874500.357142857
2,1986,313,28164.54545454546,1418487.545454545,136.81818,28.363636,1862417.090909091
3,1986,313,157966,4868780.125,325.375,53.75,4422289.375
4,1986,313,37771.5,2619103,271.5,67.5,2124280
5,1986,313,57278.8,3027676,318.20001,48.200001,5963881.8
6,1986,313,42608.6,1872345.6,178.39999,32,2779108.8
7,1986,313,33894,1439064.5,152,15,1568540.25
8,1986,313,42685.33333333334,1149384.666666667,215.33333,63,1670113.333333333
9,1986,313,24606.6935483871,841894,105.27419,18.5,1130160
1,1986,314,72370.5,3457941.5,303.5,120.5,2327260
2,1986,314,47617,844226,178,20,444900
3,1986,314,311483,12473878,783,185,6976268
5,1986,314,1877,4536557,181,40,924291
6,1986,314,21628.5,502178,96.75,41,564830.75
9,1986,314,51.6,15272.4,14.8,6,193793.8
1,1986,321,1026.681318681319,306599.6043956044,44.692307,48.604397,649734.2142857143
2,1986,321,1162.269230769231,284799.6923076923,33.153847,40.846153,502110.8076923077
3,1986,321,4475.533333333334,754181.7466666667,115.08667,38.233334,2703999.88
4,1986,321,2243.571428571428,552025,136.28572,36.42857,2573886.571428571
5,1986,321,405.9411764705882,234979.5294117647,35.529411,18.17647,1111431.058823529
6,1986,321,165,43405.44444444445,13.333333,35.666668,125633.6666666667
7,1986,321,9012.833333333334,1050655,111.83334,98,2167925.166666667
9,1986,321,921.5161290322581,369701.7419354839,70.274193,24.790323,1728521.338709677
1,1986,322,1279.804255319149,93431.52340425532,11.229787,44.251064,71031.39574468085
2,1986,322,928.9018404907976,64903.28834355828,9.1901836,33.907974,50048.59509202454
3,1986,322,832.984984984985,68526.29429429429,7.6546545,32.807808,57349.88888888889
4,1986,322,5087.4,146275.2,16.6,90,119258.8
5,1986,322,400.4788732394366,65592.47887323944,9.0140848,35.197182,68396.12676056338
6,1986,322,138.6410256410256,37926.88461538462,3.9871795,23.128204,48036.44871794872
7,1986,322,4417.591549295775,147142.2676056338,16.901409,54.140846,221942.4788732394
8,1986,322,86,38676.33333333334,3.3333333,17,36256
9,1986,322,143.9166666666667,35949.47222222222,6.3055553,28.180555,42784.83333333334
1,1986,323,1914.108695652174,229334.9347826087,35.847828,32.130436,192731.2173913044
2,1986,323,1202.25,1832349.25,192.5,28.5,2135930.25
3,1986,323,402.9047619047619,248520.2857142857,45.714287,17.666666,481506.4285714286
5,1986,323,483.5,1907939,252.5,13.5,3425104.5
6,1986,323,509.8,65954,8.6000004,35.200001,80983.8
7,1986,323,202.6666666666667,446511,42.666668,13.333333,330445.3333333333
8,1986,323,0,224505,37,4,175900
9,1986,323,36.11111111111111,57664.66666666666,19.111111,3.8888888,75520.88888888889
1,1986,324,987.9117647058823,98954.63235294118,24.838236,26.57353,54052.27941176471
2,1986,324,155.75,45710.78125,20.15625,31.9375,42179.96875
3,1986,324,1578.854166666667,117177.7291666667,27.479166,19.4375,165907.5833333333
4,1986,324,115398,3289820,381,326,2775062
5,1986,324,1677.3,163451.7,37.700001,32.700001,102875.1
6,1986,324,82.26923076923077,30964.21153846154,13.269231,9.6730766,26213.80769230769
7,1986,324,129.2857142857143,54572.42857142857,31.428572,14.142858,54760.71428571428
9,1986,324,663.0714285714286,91561.26190476191,27.571428,19.380953,75250.64285714286
1,1986,331,274.3414634146341,71994.90243902439,26.975609,7.8292685,86767.26829268293
2,1986,331,432.7692307692308,73680.07692307692,38.692307,4.2307692,118115.2307692308
3,1986,331,142.8571428571429,45548.91428571429,22.657143,2.6571429,65514.25714285715
4,1986,331,720.2000000000001,38710,35,3.2,91173.2
5,1986,331,6375.222222222223,416354.2222222223,76.388885,10.166667,1641355.222222222
6,1986,331,94,22011.83333333333,12.583333,2.25,125858.1666666667
7,1986,331,32.75,17593.25,20.75,3.25,38783.5
8,1986,331,83.22222222222223,44688,16.444445,2.6666667,49561.88888888889
9,1986,331,267.1111111111111,83813.37037037037,23.333334,5.7037039,348223.6666666667
1,1986,332,887.65625,84081.671875,42.5625,11.390625,123439.6875
2,1986,332,198.1428571428571,21873.57142857143,17,4.2857141,19388
3,1986,332,234.8205128205128,36684.10256410256,27.97436,7.1538463,67801.35897435897
4,1986,332,1040.5,37700.5,17,12.5,43240
5,1986,332,621.7272727272728,62588.36363636364,22.90909,5,51040.18181818182
6,1986,332,101.25,26339.8125,22.75,2.875,82207.125
7,1986,332,58.75,36038.5,43,2.625,59608.125
8,1986,332,118.25,53211.5,42,3,110279.75
9,1986,332,430.5517241379311,40539.51724137931,23.034483,7.6206899,47731.51724137931
1,1986,341,415.3673469387755,269755.5510204082,30.959183,11.387755,187098.918367347
2,1986,341,3330.735294117647,1627728.941176471,85.941177,12.764706,9917387.852941176
3,1986,341,6985.190476190476,853993.2380952381,86.238098,20.857143,3444339.904761905
4,1986,341,33,88281,26.333334,19.666666,120716.6666666667
5,1986,341,535.9,850089.4,63.400002,11.9,4038375.2
6,1986,341,200,53162,11,3,34745
7,1986,341,30595.66666666667,1058735,173,63.333332,9517006.666666666
9,1986,341,6025.333333333333,868912.4666666667,63.133335,11.066667,1782648.466666667
1,1986,342,2546.784810126582,254648.6835443038,48.550632,20.234177,171069.8924050633
2,1986,342,6508.425531914893,481173.914893617,52.595745,23.659575,437106.8723404256
3,1986,342,937.7017543859649,110199.5789473684,26.035088,11.754386,100811.0350877193
4,1986,342,1234.818181818182,55932.81818181818,23.363636,12.272727,51041.72727272727
5,1986,342,1058.190476190476,96519,26,9,94168.80952380953
6,1986,342,301.0833333333333,96726.75,36.25,21,188881.6666666667
7,1986,342,488.6,35527.4,19.6,7,22470.6
8,1986,342,1343.625,67620.5,27.75,10.25,81127.125
9,1986,342,300.8148148148148,119429.962962963,20.333334,19.925926,94213.25925925926
1,1986,351,1292.633333333333,521012.3666666666,44.200001,10.7,857651.1
2,1986,351,318.1111111111111,1759147.333333333,124.33334,21.222221,6524451.222222222
3,1986,351,5880.1,1487033.366666667,127.76667,16,7450154.566666666
4,1986,351,552.5,655036.5,61,8,1498107
5,1986,351,6965.692307692308,3420368,120.30769,14.230769,7871960.538461538
6,1986,351,241.5,99588.5,12.5,1.5,510862.5
8,1986,351,4023.111111111111,4138215.888888889,195.66667,16.333334,23023361
9,1986,351,607.25,1081151.333333333,132.54167,14.166667,9691261.166666666
1,1986,352,15066.97931034483,599085.9034482759,45.73793,35.020691,234123.0206896552
2,1986,352,69249.64102564103,1430645.307692308,79.282051,51.384617,816708.3333333334
3,1986,352,13685.77551020408,612030.3469387755,41.367348,27.040817,312586.7755102041
4,1986,352,1170.6,203391.2,48.400002,80.199997,249840
5,1986,352,4483.571428571428,265305.6428571428,28.107143,16.107143,163441.8214285714
6,1986,352,307.6666666666667,42874.66666666666,18.333334,37.333332,77281.33333333333
7,1986,352,94.8,63592.8,12.8,4.1999998,74808.2
8,1986,352,12675.28571428571,270667.2857142857,27,12.714286,97171.42857142857
9,1986,352,1027.066666666667,297060.6,35.866665,26.6,253711.2
8,1986,353,0,43989778,507,46,80597000
9,1986,353,1596.25,26880041.5,974.5,113.25,138630118
1,1986,354,11216.30769230769,985405.3846153846,29.76923,4.1538463,248300.9230769231
3,1986,354,145.5,261147,43.5,2.5,1046310
5,1986,354,779.5,72319,15.5,3,45364
6,1986,354,421,157237,27,8,136888
9,1986,354,265,361210,32,10.5,597213.5
1,1986,355,6060.783783783784,325244.2432432433,58.513512,20.837837,458865.2432432433
2,1986,355,47874.625,2767456.625,215.625,15.75,5081589.875
3,1986,355,1185.214285714286,81999,24.428572,6.1428571,221528.3571428571
4,1986,355,33.66666666666666,21386.33333333333,13.333333,3,75375.33333333333
5,1986,355,8.800000000000001,51798.6,9.8000002,36.400002,186215.6
6,1986,355,22.4,53988.6,13.2,4,102015
7,1986,355,0,36476,9,1,114900
9,1986,355,14711.8,1091237.8,147.89999,20.4,2603956.4
1,1986,356,3933.447619047619,453266.0190476191,54.200001,30.180952,896600.8285714285
2,1986,356,666.08,148666.42,27.959999,18.540001,352263.84
3,1986,356,1337.627118644068,269642.2372881356,39.067795,18.169491,822890.9322033898
4,1986,356,241.25,135189.25,39.25,10,184058.25
5,1986,356,201.1034482758621,245902.0689655173,28.172413,17.448277,622736.7586206896
6,1986,356,187.3333333333333,157208,31.833334,6.5,691681.1666666666
7,1986,356,0,206655.6666666667,26.333334,19.333334,557077.6666666666
8,1986,356,1486.333333333333,619508.5,55.333332,9.166667,1507464.833333333
9,1986,356,99.2258064516129,111946.9677419355,28.129032,8.1935482,354320.7419354839
1,1986,361,33.5,12399.5,6.25,10.625,118160.25
2,1986,361,0,738534,120,113,1025400
3,1986,361,22.41666666666667,666342.3333333334,163.75,59.583332,2642651.416666667
9,1986,361,1456.666666666667,653551.1111111111,148.33333,41.111111,2462598.777777778
1,1986,362,549.2592592592592,232906.7407407407,55.370369,12.888889,1037397.037037037
2,1986,362,193.8,105261.6,28.200001,49.400002,131053.8
3,1986,362,460.3529411764706,262517.5882352941,61.764706,8.4705887,1295661.352941176
5,1986,362,91.75,516360.75,85.75,8.75,1842613.5
6,1986,362,498,24134.5,19,1.5,94014
7,1986,362,587.6666666666666,90066.33333333333,130.66667,10.666667,178166.6666666667
9,1986,362,20242,2420460.666666667,318.83334,15.666667,10729292.66666667
1,1986,369,945.2727272727273,288559.6181818182,64.490906,7.3636365,576032.4
2,1986,369,1844.882352941177,624765.1176470588,84.941177,9,6831972.823529412
3,1986,369,526.8148148148148,185266.8641975309,55.913582,4.8888888,1102471.654320988
4,1986,369,6102.666666666667,559788.5,97.333336,8.166667,1096808.666666667
5,1986,369,2359.181818181818,737681,96.090912,7.7272725,9297527.727272727
6,1986,369,188.8,139384.6666666667,27.200001,3,1016605.866666667
7,1986,369,41.5,26270.5,13.5,2,87835.5
8,1986,369,118,719009,60.799999,5.8000002,13751806.2
9,1986,369,1094.255813953488,431646.5697674418,76.174416,7.5348835,4833692.465116279
1,1986,371,184.7407407407407,310388.1111111111,39.148148,5.0370369,428718
2,1986,371,345.8181818181818,602004.5454545454,67.181816,4.2727275,4556796.181818182
3,1986,371,12219.71428571429,2936791.142857143,218.71428,26,17119706.57142857
4,1986,371,127.6666666666667,62288,42.333332,2.3333333,275199.3333333333
5,1986,371,185.4,235139.6,27.200001,2.5999999,1161903.4
6,1986,371,46,18327.5,10.5,1.5,91061
9,1986,371,3789.75,4376036.416666667,481.58334,50.416668,86204761.91666667
1,1986,372,163.8333333333333,73357,21.5,4.1666665,233347.3333333333
2,1986,372,5194,1550369.5,103.25,12.5,4182842.5
3,1986,372,277.4166666666667,181877.4166666667,27,7.8333335,522640.5
5,1986,372,31107,4848569,562,45,12628000
6,1986,372,0,13923,10,1,50218
7,1986,372,218,244561,55,12,944865
9,1986,372,587.6666666666666,170899.3333333333,44.333332,8.666667,810932.3333333334
1,1986,381,821.1095890410959,175807.9908675799,41.200912,9.6164379,264055.1735159818
2,1986,381,1748.1,155701.7666666667,47.483334,8.9499998,249013.6
3,1986,381,1236.472727272727,159093.8818181818,44.69091,8.1090908,393930.9636363636
4,1986,381,1316.125,211087.25,44.5625,5.875,336836.4375
5,1986,381,877.925925925926,171364.2222222222,71.555557,7.2592592,285936.0740740741
6,1986,381,260.2,141849.2666666667,32.799999,4,659401.1333333333
7,1986,381,78.92307692307692,30257.69230769231,21.461538,2.3076923,25718.76923076923
8,1986,381,87.40000000000001,140495.8,31,4.4000001,101867.8
9,1986,381,550.4423076923077,152919.3076923077,36.78846,11.384615,267819.6730769231
1,1986,382,1842.853846153846,172095.1307692308,44.623077,8.0538464,149484.8461538462
2,1986,382,631.9772727272728,98127.25,30.681818,6.1136365,104619.6136363636
3,1986,382,1026.844827586207,164998.5344827586,45.689655,5.1724138,508484.7931034483
4,1986,382,695,583478,83.400002,4.4000001,515844.6
5,1986,382,935.5263157894736,196845.1578947369,38.789474,5.4210525,289798.8947368421
6,1986,382,738.5625,65078.25,26.375,8.5625,169423.3125
7,1986,382,119.8333333333333,18231.5,16.333334,3.6666667,31988.16666666667
8,1986,382,1993.714285714286,269906,53.857143,5.1428571,134518.2857142857
9,1986,382,245.1666666666667,35131.25,23.25,2.9166667,60255.875
1,1986,383,6100.828282828283,438346.1717171717,58.81818,28.343435,267001.6464646464
2,1986,383,2146.230769230769,760603.0384615385,79.230766,16.307692,842400.1538461539
3,1986,383,2612.925,176963.7,37.724998,13.225,239291.1
4,1986,383,179113,1712300,137,140,782520.5
5,1986,383,1061.333333333333,676160,66.666664,13.666667,879958.5
6,1986,383,1234.666666666667,240142,26.666666,19.333334,541575.6666666666
7,1986,383,3013.888888888889,223227.4444444444,48.555557,33.444443,213239.8888888889
9,1986,383,6072.125,211908,39.25,22.75,308765.25
1,1986,384,7149.544444444445,854735.5555555555,84.022224,12.5,410325.6222222222
2,1986,384,3905.857142857143,298853.8571428572,82.928574,10.428572,304749.7857142857
3,1986,384,995.1702127659574,818690.0638297872,63.574467,6.4680853,337903.7872340425
4,1986,384,603.75,141787.375,40.625,6.375,168615.625
5,1986,384,479.8571428571428,314047.2380952381,98.238098,6.1904764,377356.4285714286
6,1986,384,279.2857142857143,416073,26.714285,5,268968
7,1986,384,2563,270125.6,46.799999,20,92120.8
8,1986,384,460,397334,114.16666,5.1666665,763298.5
9,1986,384,208.1333333333333,544366.0666666667,95.333336,12.733334,341211.8
1,1986,385,272.1875,91770.8125,21.21875,15.6875,106780.28125
2,1986,385,159708.2,1232460.2,87.599998,46.200001,750975
3,1986,385,5234.944444444444,158306.5555555556,23.388889,15.555555,205949.8333333333
5,1986,385,929,215359,49.666668,37.666668,668211.6666666666
6,1986,385,0,4251,4,6,11678
7,1986,385,75,8093,12,3,9535
9,1986,385,795.5,156462.5,41.5,65.5,448562
1,1986,390,4346.582089552238,172371.5373134328,26.791044,24.731344,128146.328358209
2,1986,390,29215.09523809524,414343.8095238095,44.523811,26.761906,394416.7619047619
3,1986,390,495.4615384615385,73747.58974358975,23.051283,14.051282,197646.3333333333
5,1986,390,1113.363636363636,302064.9090909091,49.727272,46.636364,931655.0909090909
6,1986,390,66.59999999999999,25846.6,8.3999996,3.2,30185.8
9,1986,390,3174.5,234660.6666666667,44.666668,25.833334,728763.5
1,1987,311,13227.05531914894,605245.0510638298,44.965958,21.553192,484447.5957446809
2,1987,311,15119.81395348837,802225.7790697675,45.093021,21.5,684042.0813953489
3,1987,311,7428.517543859649,653123.6754385965,49.228069,21.228069,624455.9210526316
4,1987,311,3359.6,765306.1,29.700001,14.05,301318.95
5,1987,311,1241.263157894737,714391.8157894737,44,13.473684,926758.1710526316
6,1987,311,778.7209302325581,275349.8139534884,14.755814,8.5116282,241653
7,1987,311,301.9,1512692.15,54,21.65,571845.8000000001
8,1987,311,2152.433333333333,587268,31.133333,12.333333,780197.3000000001
9,1987,311,2875.752212389381,1016112.542772861,60.477875,11.510324,1054557.973451328
1,1987,312,49361.25714285715,956839.2,48.171429,24.571428,417488.9142857143
2,1987,312,16719.31034482759,418226.8275862069,27,12,465344.7931034483
3,1987,312,9635,1043129.964285714,42.892857,13.142858,647395
4,1987,312,204,1077946,52,11,2193082
5,1987,312,9663.4,882390.0500000001,39.099998,14.2,768309.45
6,1987,312,2291.5,902438.1666666666,22.083334,6.25,264682.1666666667
7,1987,312,1149.5,173354,14.5,4.5,57040.5
8,1987,312,522.8333333333334,239452.8333333333,15,4.6666665,552646
9,1987,312,8621.413793103448,1421744.448275862,48.637932,13.448276,1228539.155172414
1,1987,313,62380.46153846154,2931759.423076923,178.80769,30.576923,3568881.576923077
2,1987,313,48616.54545454546,1731563.090909091,137,38.18182,1844360.636363637
3,1987,313,163185.25,6264546.25,325.25,44.375,4634247.5
4,1987,313,83606,3467232,275,73.5,2073287.5
5,1987,313,78861.83333333333,3667597.333333334,300.83334,46.833332,5660654.333333333
6,1987,313,61830.6,2260692.4,184.8,32.400002,2796490.8
7,1987,313,66102.5,1995973.75,175.75,13.25,1798333.25
8,1987,313,73561.66666666667,1751933.333333333,209.66667,73.666664,1619648
9,1987,313,43599.54838709677,1051997.419354839,108.51613,19.435484,1261436.080645161
1,1987,314,86063.5,3750298,294,135,3256410
2,1987,314,68755,994242,187,21,435571
3,1987,314,463197,13916673,776,182,6676786
5,1987,314,3285,4791931,191,36,1003933
6,1987,314,30967.75,582784.25,93.5,36.75,307576.5
9,1987,314,185,25898.2,14,4.8000002,194693
1,1987,321,1658.331578947368,382375.4421052632,45.036842,47.142105,644164.5894736842
2,1987,321,1487.233333333333,337048.3666666666,28.866667,35.133335,454556.8
3,1987,321,6592.96178343949,977421.4649681528,111.40765,35.082802,2647630.375796178
4,1987,321,1563.5,640525.5,120.5,36.5,2406833
5,1987,321,670.4,455261,38.599998,20.733334,1342120.8
6,1987,321,215.6666666666667,62946.5,8.666667,33.5,120947.8333333333
7,1987,321,14086,1545375.8,124.6,111.6,2695851.8
9,1987,321,1682.916666666667,538669.3833333333,75.26667,25.533333,1998447.533333333
1,1987,322,1704.489451476793,122270.5274261603,11.64557,41.57806,65284.82278481012
2,1987,322,1776.146198830409,81381.5321637427,7.7894735,32.730995,39258.28654970761
3,1987,322,1314.985250737463,96809.78761061947,8.40413,34.501476,55631.19174041298
4,1987,322,6276.4,196810.4,18.6,90.800003,175853.6
5,1987,322,667.3,86907.57142857144,9.3999996,34.285713,83062.24285714286
6,1987,322,197.16,51285.65333333334,3.3066666,24.48,33679.37333333334
7,1987,322,4420.847222222223,192043.4861111111,16.222221,57.569443,235543.8888888889
8,1987,322,50.66666666666666,24807.83333333333,3.1666667,12.666667,20030.5
9,1987,322,183.5769230769231,44658.02564102564,5.5512819,25.128204,36275.73076923077
1,1987,323,1512.55,366958.55,39.174999,37.950001,210630.85
2,1987,323,1417.166666666667,1477135.666666667,137.5,35.833332,1497148.333333333
3,1987,323,864.7777777777778,371684.6111111111,51.277779,19.055555,536183.0555555555
4,1987,323,60,24625,3,16,5391
5,1987,323,312,2513929.5,274.5,18,2361998
6,1987,323,1755.75,111784.25,8.5,54.75,45707
7,1987,323,642.3333333333334,630080.3333333334,44.333332,11.333333,430566
8,1987,323,66,564438,37,4,182400
9,1987,323,31.44444444444444,68013.88888888889,18.333334,3.6666667,75968.11111111111
1,1987,324,4047.432098765432,196335.9259259259,32.716049,31.25926,138232.5555555556
2,1987,324,1459.676470588235,82466.70588235294,23.82353,34.176472,57337.29411764706
3,1987,324,1635.148148148148,147968.3703703704,28.111111,18.851852,147018.9259259259
5,1987,324,2445.1,269619.2,39.599998,38.400002,120224.4
6,1987,324,124.9019607843137,41579.56862745098,12.54902,9.6274509,19068.33333333333
7,1987,324,66.66666666666667,48500,14.444445,19.666666,35171.88888888889
8,1987,324,152,41813.5,35,17,29623.5
9,1987,324,118.4375,51929.78125,16.71875,9.03125,26034
1,1987,331,829.0731707317074,94480.41463414634,29.853659,9.4634142,96007.9756097561
2,1987,331,467.3076923076923,78004.92307692308,39.153847,3.9230769,127674
3,1987,331,157.1081081081081,57972.81081081081,21.18919,2.7297297,80643.78378378379
4,1987,331,693.3333333333334,86742.5,36.833332,3.3333333,117283.3333333333
5,1987,331,5906.421052631579,490339.4736842105,73.894737,8.5263157,1651691.842105263
6,1987,331,101.6,25935.73333333333,14.4,2.2666667,59759.66666666666
7,1987,331,34.66666666666666,24473,26,3.3333333,44719
8,1987,331,107.6923076923077,54030.53846153846,15.769231,2.6153846,55498.38461538462
9,1987,331,460.1666666666667,115993.1,25.1,6.0666666,265922.3333333333
1,1987,332,1336.2,109492.7875,39.012501,11.6375,110631.2125
2,1987,332,330,34115.25,19.0625,4.8125,22639.5
3,1987,332,515.5142857142857,55448.94285714286,29.514286,7.9142857,72685.88571428572
4,1987,332,351.3333333333333,23847.66666666667,16.333334,9.333333,41930.66666666666
5,1987,332,833.7857142857143,65698.5,21,5.2142859,48889.42857142857
6,1987,332,81.78571428571429,33030.64285714286,21.142857,4.8571429,41589.35714285715
7,1987,332,122,44523.7,42.299999,3,47448.5
8,1987,332,183,87949.8,42.200001,4,82230.60000000001
9,1987,332,506.4516129032258,57012.96774193549,26.193548,6.7419353,44532.06451612903
1,1987,341,368.468085106383,397839.6595744681,30.510639,12.87234,229663.4042553192
2,1987,341,2569.45945945946,1992005.945945946,81.351349,11.72973,11154345.78378378
3,1987,341,7851.652173913043,1070982.913043478,81.347824,19.782608,3375828.52173913
5,1987,341,833.6,1026327.9,58.799999,10.3,3914750.8
6,1987,341,240,50900,8,2,10930
7,1987,341,11890.33333333333,1468084.333333333,172.33333,58.333332,11085980.66666667
9,1987,341,4594.5,1342495.928571429,59.642857,12.714286,2430249.714285714
1,1987,342,2458.861635220126,332056.5283018868,50.308178,22.415094,162445.786163522
2,1987,342,7283,626857.425925926,57.01852,24.296297,457578.9444444444
3,1987,342,927.4807692307693,164804.1153846154,24.365385,15.923077,118882.0192307692
4,1987,342,205.0833333333333,73319.66666666667,21.833334,12.583333,56254.33333333334
5,1987,342,1894.952380952381,147455.8095238095,25.904762,9.4761906,139042
6,1987,342,433.1428571428572,107421.5,33.42857,18.071428,104744.7142857143
7,1987,342,220.75,53695.75,19.25,12.5,22478.5
8,1987,342,944.8,85267.5,26.299999,10.8,78424.8
9,1987,342,312,142780.2413793104,18.344828,20.172413,90621.10344827586
1,1987,351,4517.08,835396.16,51.240002,10.96,711984.24
2,1987,351,358.5384615384616,1534767.615384616,99.07692,19.846153,6832563.923076923
3,1987,351,11004.93333333333,2165201.333333334,124.73333,17.700001,6084949.9
4,1987,351,330.5,909211,74.5,8.5,1659424
5,1987,351,6985.692307692308,4487357,122.84615,14.615385,8242153.846153846
6,1987,351,265,136891,15.5,1.5,734030.5
8,1987,351,3722.181818181818,7248907.818181818,199.54546,24.818182,19675657.45454545
9,1987,351,1086.62962962963,1408611.148148148,156.33333,15.962963,9312183.888888888
1,1987,352,24824.31944444445,843123.125,52.951389,41.097221,258963.7777777778
2,1987,352,102401.15,1853105.425,79.675003,53.900002,928963.1
3,1987,352,19830.1875,893379.2291666666,50.5,27.75,427746.2083333333
4,1987,352,1966,288665.5,52.75,65.25,250822.75
5,1987,352,6945.538461538462,393241.6153846154,26.576923,17.5,202181.1923076923
6,1987,352,217,71697.5,17.25,30.25,61903.5
7,1987,352,1497.5,69480,9.166667,4.3333335,24912.33333333333
8,1987,352,14124.55555555556,318089.6666666667,23,12,122597.4444444444
9,1987,352,2979.176470588235,428145.4705882353,32.64706,30.588236,221339.5882352941
8,1987,353,194,59611209,443,41,87833405
9,1987,353,3113.25,30558235.25,998.5,57.75,144228238.25
1,1987,354,10648.08333333333,1558479.75,34.666668,4.3333335,279647.5
3,1987,354,220,355332.3333333333,25.333334,3,861340
5,1987,354,1835.5,323976.25,31.5,7.25,94244
6,1987,354,240,156472,26,4,141527
9,1987,354,687,411712.5,34,10.5,426342
1,1987,355,2371.2,252624.5428571429,40,11.742857,353101.4857142857
2,1987,355,47282.33333333334,3647091.888888889,203.44444,14,5469448.777777778
3,1987,355,1031.142857142857,111844.2142857143,23.857143,7.7857141,210882.3571428571
4,1987,355,337.3333333333333,19697.66666666667,12,4.3333335,116772.3333333333
5,1987,355,42,77255,10.6,5.4000001,151633.6
6,1987,355,48.8,69597.8,13.4,4.8000002,126086.2
9,1987,355,21860.875,1928909.625,172.875,13.625,3653378.75
1,1987,356,4187.801724137931,595127.7586206896,50.543102,28.862068,893318.8448275862
2,1987,356,438.7407407407408,166220.462962963,26.018518,12.055555,259453.1111111111
3,1987,356,1854.3125,332328.28125,36.3125,17.921875,734493.328125
4,1987,356,33109.2,1105792.4,121,91.400002,877726.4
5,1987,356,479.4814814814815,383681.8888888889,27.703703,17.888889,708813.2592592592
6,1987,356,1011.333333333333,215069.1666666667,31.5,5.5,413766.8333333333
7,1987,356,719.5,195438.75,24.75,15,385003
8,1987,356,1827.666666666667,803224.1666666666,69.5,10.666667,1553452.833333333
9,1987,356,1338.274509803922,220637.4117647059,33.176472,21.470589,359687.0196078431
1,1987,361,57,16287.14285714286,5.7142859,9.2857141,131609.2857142857
2,1987,361,0,847312,131,111,1119600
3,1987,361,67.14285714285714,791589.6428571428,146.57143,52,2462111.571428571
9,1987,361,9430.777777777777,997331.6666666666,163.11111,40.888889,3166196.888888889
1,1987,362,611.4375,266128.375,51.3125,11.3125,875498.5
2,1987,362,146.5,84363.83333333333,25,10.833333,82136
3,1987,362,992.5,390772.3125,67.0625,9.25,1446079.375
5,1987,362,68.5,783008.25,86,9.25,2222731.75
6,1987,362,1108,45457.5,25.5,1,153504
7,1987,362,1183.75,128546.5,95.25,14.5,115146
9,1987,362,24809.2,4505536.2,393.79999,20.4,13983303.8
1,1987,369,1680.89552238806,394066.2686567164,62.701492,6.7014923,744332.328358209
2,1987,369,2497.470588235294,815665.0588235294,86.588234,8.8823528,6941132.176470588
3,1987,369,685.3250000000001,177088.5375,45.412498,3.4000001,511234.875
4,1987,369,9755.833333333334,820883.6666666666,104.83334,7.6666665,1102207.666666667
5,1987,369,2866.230769230769,840567.7692307693,83.307693,6.3076925,7023100.153846154
6,1987,369,334.9230769230769,191893.1538461538,28.538462,2.4615386,1077415.384615385
7,1987,369,338.3333333333333,109827.3333333333,15,3,131969.6666666667
8,1987,369,165.1666666666667,769396.1666666666,52.5,4.6666665,11814251.66666667
9,1987,369,1602.080459770115,643835.6206896552,87.045975,8.298851,5361412.011494253
1,1987,371,300.8846153846154,397850.5,39.115383,5.6153846,499257.3461538461
2,1987,371,1397.714285714286,1247768,96.428574,5.8571429,7525854.428571428
3,1987,371,12504.2,3008839.4,171.5,18.4,10502604.5
4,1987,371,65.5,118960.5,65.5,3.5,396987
5,1987,371,196.4,339455.4,27.799999,5,1189284
6,1987,371,55.5,17541.25,11.25,1.25,50858.75
7,1987,371,78,14000,12,2,65461
8,1987,371,84,50917,26,4,147269
9,1987,371,3706.785714285714,5810522.357142857,411.07144,42.785713,78939177.5
1,1987,372,249.8,82735.5,19.4,5.0999999,98950.10000000001
2,1987,372,4759.2,1927675.6,106.6,12.4,4164650.6
3,1987,372,970.7272727272728,321529.1818181818,28.181818,6.090909,893923.4545454546
5,1987,372,44017,6507342,556,38,13397000
6,1987,372,0,17923,10,1,35915
7,1987,372,0,433712,64,10,805000
9,1987,372,394.3333333333333,250037,50.666668,11.333333,677088
1,1987,381,1042.62962962963,203537.8600823045,38.716049,9.497942,232991.1975308642
2,1987,381,14167.73134328358,300478.223880597,50.388062,10.492537,321271.3134328358
3,1987,381,1625.25,215282.6465517241,44.146553,8.215517,388648.5775862069
4,1987,381,1663.25,301621.5625,46.625,9.5,352953.9375
5,1987,381,1014.416666666667,301766.8333333333,54.166668,6.9583335,374907.8333333333
6,1987,381,376,235637.25,42.416668,3.8333333,686013.8333333334
7,1987,381,103.5454545454546,42118.18181818182,23.90909,2.3636363,25641.45454545454
8,1987,381,366.3333333333333,207867.1666666667,27,3,96404.16666666667
9,1987,381,534.5185185185185,191515.1666666667,34.888889,7.6666665,243982.7962962963
1,1987,382,1903.467153284671,204320.5693430657,40.992702,7.4014597,165057.700729927
2,1987,382,550.1176470588235,116024.7254901961,29.607843,5.0392156,92218.8431372549
3,1987,382,1481.389830508475,252967.3389830508,45.440678,5.2881355,504749
4,1987,382,2353.857142857143,672472.4285714285,68.285713,3.5714285,414396.4285714286
5,1987,382,1965.133333333333,394624.0666666667,44.799999,6.6666665,391437.4
6,1987,382,1162.75,95055,28.8125,10.0625,109224.4375
7,1987,382,139.25,38472.75,22.25,4,28691.75
8,1987,382,5816.5,482835.1666666667,71.5,5.8333335,170445.5
9,1987,382,458.4583333333333,86702.83333333333,28.375,3.75,73208.16666666667
1,1987,383,6978.704761904762,656500.0571428571,64.038094,29.619047,312910.7047619048
2,1987,383,3972.612903225806,930857.5483870967,71.129036,22.290323,853054
3,1987,383,3693.808510638298,230896.1914893617,37.829788,12.659575,318580.8510638298
4,1987,383,220074,2536141,145.5,142,822555.5
5,1987,383,475.8571428571428,670997.7142857143,58.857143,10.714286,982963.8571428572
6,1987,383,1671.25,276831.75,22,17,141502.25
7,1987,383,3172.666666666667,339048.7777777778,58,50.222221,223791.1111111111
8,1987,383,320,61331.5,16.5,3,30759
9,1987,383,4308.555555555556,271404.1111111111,38.222221,20.222221,306961.1111111111
1,1987,384,10175.31111111111,1586477.911111111,95.91111,13.7,419180.8111111111
2,1987,384,2068.777777777778,287444.7222222223,58.166668,11.222222,223572.3888888889
3,1987,384,1276.659574468085,1083135.361702128,60.021278,6.7659574,354535.7234042554
4,1987,384,1387.333333333333,242558.5,60.166668,4.8333335,262165.1666666667
5,1987,384,512.125,362038.75,84.333336,5.75,370182.625
6,1987,384,832.2222222222222,536566.7777777778,34.222221,4.7777777,129388.6666666667
7,1987,384,5846.4,477063.2,49,22,74173.60000000001
8,1987,384,424.6666666666667,489518,111.16666,4.6666665,782636.3333333334
9,1987,384,194.25,616927.4375,95.0625,8.1875,310349.6875
1,1987,385,494.4166666666667,107037,21.25,16.444445,128164.75
2,1987,385,189234,1461761.166666667,76.833336,41,694783.3333333334
3,1987,385,5851.947368421053,245950.7368421053,24.947369,15.473684,198507.1578947369
5,1987,385,1854.666666666667,328002,53.333332,44.666668,877416
6,1987,385,0,16510,4,6,8571
7,1987,385,86,14897,13,5,8658
9,1987,385,2113.5,260771.5,57,72.5,453413.5
1,1987,390,6072.059701492537,209091.7014925373,26.41791,25.223881,122474.328358209
2,1987,390,7735.619047619048,195820.2380952381,33.809525,22.333334,228938.8571428571
3,1987,390,856,102193.4,24.325001,14.125,227993.375
5,1987,390,1859.416666666667,384107,50.416668,45.416668,895802.5833333334
6,1987,390,201.8,34031.4,8.3999996,3.8,14149.6
9,1987,390,47.4,213971.2,47.400002,21.799999,865833
